{
    "rmse": 0.7963575979140975,
    "mae": 0.6603898598280031,
    "r2": 0.025218772579750137
}